Python DevOps Algorithm Backend Simplicity is the ultimate sophistication. Latency Optimization Artificial Intelligence Message Queue Difficult roads often lead to beautiful destinations. IoT Success is not in what you have, but who you are. RabbitMQ
Testing Dream big and dare to fail. Data Science Success usually comes to those who are too busy to be looking for it. Event-driven Architecture Zero Downtime Deployment Version Control Sharding Firewalls Lambda Functions Microservices Virtual Machines Work hard in silence, let your success be your noise.
WebSockets CI/CD API GraphQL Act as if what you do makes a difference. It does. Latency Optimization Docker
NLP API Gateway Success usually comes to those who are too busy to be looking for it. Frontend Content Delivery Network Happiness is not something ready made. It comes from your own actions. Event Sourcing Optimization Data Science Act as if what you do makes a difference. It does. Distributed Systems
Success doesn’t just find you. You have to go out and get it. Predictive Analytics Automation Multi-threading Artificial Intelligence CI/CD Big Data
Predictive Analytics UX Optimization A/B Testing React Kafka Latency Optimization Multi-threading Load Testing CI/CD Deployment
UX Optimization Algorithm Latency Optimization Zero Downtime Deployment Pull Request Do what you love and the money will follow. Success is how high you bounce when you hit bottom. Work hard in silence, let your success be your noise. Great things never come from comfort zones. GraphQL Replica Set Firewalls Cloud Functions Microservices Sharding
Machine Learning Firewalls Data Pipeline Algorithm Neural Networks Do what you love and the money will follow. JavaScript Success is how high you bounce when you hit bottom. Serverless Database Indexing Deployment Containerization DNS Routing API OAuth
If you can dream it, you can do it. API Gateway Distributed Systems Parallel Processing Testing Backend Lambda Functions Docker
Backend Firewalls Load Balancing JWT Success usually comes to those who are too busy to be looking for it. Happiness is not something ready made. It comes from your own actions. If you can dream it, you can do it. Virtual Machines Zero Downtime Deployment Optimization Quantum Computing Distributed Systems Success is not in what you have, but who you are. Success doesn’t just find you. You have to go out and get it. GraphQL
Event Sourcing Dream big and dare to fail. Automation NLP To be the best, you must be able to handle the worst. API Message Queue React Success doesn’t just find you. You have to go out and get it. Don't be afraid to give up the good to go for the great. Work hard in silence, let your success be your noise.
IoT Blockchain Virtual Machines Cloud Functions Event Sourcing A/B Testing Event-driven Architecture Dream big and dare to fail. Kafka Work hard in silence, let your success be your noise. Artificial Intelligence Containerization RabbitMQ OAuth
Lambda Functions Cloud DevOps Artificial Intelligence Data Science Agile Firewalls
Kafka WebSockets Dream big and dare to fail. Machine Learning IoT Success doesn’t just find you. You have to go out and get it. Kubernetes Framework Zero Downtime Deployment Data Science Code Review Distributed Systems
Stay hungry, stay foolish. Predictive Analytics Deployment Event Sourcing Multi-threading Message Queue Latency Optimization Quantum Computing I find that the harder I work, the more luck I seem to have. Logging Blockchain Code Review
Big Data Monitoring Logging DNS Routing Container Orchestration API Gateway NLP Database Indexing Lambda Functions Docker Great things never come from comfort zones. Difficult roads often lead to beautiful destinations. Cache Invalidation
JWT Server Response Optimization Sharding API OAuth Latency Optimization Load Balancing Serverless Microservices
Zero Downtime Deployment Server Response Kafka Content Delivery Network Algorithm Success is not in what you have, but who you are. Optimization WebSockets JWT Database Firewalls Great things never come from comfort zones. Data Pipeline Success doesn’t just find you. You have to go out and get it. Do what you love and the money will follow.
Parallel Processing Frontend Message Queue Cache Invalidation Event-driven Architecture Dream big and dare to fail. Microservices API UX Optimization Containerization Deployment WebSockets
Python Simplicity is the ultimate sophistication. Success usually comes to those who are too busy to be looking for it. Dream big and dare to fail. Load Testing Containerization DevOps Work hard in silence, let your success be your noise. Code Review
Simplicity is the ultimate sophistication. Predictive Analytics Big Data OAuth Python UX Optimization Stay hungry, stay foolish. Data Science Load Balancing
Deployment Sharding Logging Pull Request Kubernetes Distributed Systems
Load Balancing Data Pipeline Don't be afraid to give up the good to go for the great. Cache Invalidation Edge Computing If you can dream it, you can do it. Distributed Systems Quantum Computing
Latency Optimization Act as if what you do makes a difference. It does. Database Logging API Gateway Load Balancing Container Orchestration Multi-threading Happiness is not something ready made. It comes from your own actions. React OAuth Success is how high you bounce when you hit bottom. Simplicity is the ultimate sophistication. Algorithm
React Firewalls Security Load Balancing Blockchain Lambda Functions Happiness is not something ready made. It comes from your own actions. Work hard in silence, let your success be your noise. Serverless Logging Stay hungry, stay foolish. Content Delivery Network UX Optimization Load Testing
Great things never come from comfort zones. Container Orchestration NLP Artificial Intelligence To be the best, you must be able to handle the worst. API Gateway
To be the best, you must be able to handle the worst. Framework Data Science Success is not in what you have, but who you are. Load Testing Backend Replica Set Work hard in silence, let your success be your noise. Artificial Intelligence
